 ,Label,Area,Mean,StdDev,XM,YM,Major,Minor,Angle,Circ.,Median,Skew,Kurt,AR,Round,Solidity
1,blobs.gif,433,190.855,30.305,20.474,13.635,33.820,16.301,64.500,0.630,200,-0.571,-0.822,2.075,0.482,0.860
2,blobs.gif,185,179.286,21.883,63.623,4.682,20.467,11.508,2.974,0.763,184,-0.449,-0.153,1.778,0.562,0.951
3,blobs.gif,658,205.617,29.381,108.931,12.983,29.917,28.004,81.343,0.872,208,-0.844,0.171,1.068,0.936,0.967
4,blobs.gif,434,217.327,36.061,154.949,10.144,24.244,22.793,60.553,0.884,232,-1.013,-0.249,1.064,0.940,0.959
5,blobs.gif,477,212.143,29.904,247.633,13.596,30.876,19.670,87.421,0.821,224,-1.327,0.935,1.570,0.637,0.968
6,blobs.gif,285,204.295,36.565,197.731,16.281,20.458,17.738,70.284,0.926,216,-0.686,-0.809,1.153,0.867,0.938
7,blobs.gif,81,161.481,19.478,137.512,22.264,11.144,9.254,68.827,0.971,168,-0.290,-1.080,1.204,0.830,0.926
8,blobs.gif,278,174.849,25.472,219.177,28.278,22.171,15.965,85.153,0.854,176,-0.227,-1.039,1.389,0.720,0.919
9,blobs.gif,231,188.468,30.600,45.020,26.427,18.316,16.058,79.994,0.936,200,-0.432,-0.898,1.141,0.877,0.941
10,blobs.gif,30,147.200,13.053,1.158,26.893,12.873,2.967,90.274,0.406,152,-0.037,-1.176,4.338,0.230,0.870
11,blobs.gif,501,189.142,25.482,174.365,33.557,26.184,24.362,71.852,0.921,200,-0.866,-0.034,1.075,0.930,0.948
12,blobs.gif,660,171.697,20.530,73.517,41.711,33.520,25.070,57.641,0.858,168,0.030,-0.224,1.337,0.748,0.952
13,blobs.gif,99,165.253,21.233,8.196,45.319,12.650,9.965,70.999,0.971,168,-0.238,-1.046,1.269,0.788,0.943
14,blobs.gif,228,195.895,37.354,233.579,47.400,18.208,15.943,92.820,0.924,200,-0.215,-1.117,1.142,0.876,0.940
15,blobs.gif,448,209.036,35.670,139.057,55.120,26.243,21.736,96.428,0.915,224,-0.855,-0.472,1.207,0.828,0.947
16,blobs.gif,401,179.571,26.013,194.983,60.111,35.718,14.294,67.394,0.658,176,-0.034,-0.575,2.499,0.400,0.890
17,blobs.gif,520,193.985,29.256,28.712,58.288,27.975,23.667,71.086,0.912,192,-0.350,-0.322,1.182,0.846,0.952
18,blobs.gif,425,195.953,31.439,99.377,73.642,28.018,19.314,71.220,0.881,208,-0.720,-0.491,1.451,0.689,0.953
19,blobs.gif,271,199.970,35.220,214.629,71.081,21.564,16.001,72.699,0.881,208,-0.617,-0.867,1.348,0.742,0.922
20,blobs.gif,350,190.491,26.851,245.741,73.467,22.818,19.530,37.831,0.930,200,-0.689,-0.606,1.168,0.856,0.943
21,blobs.gif,159,183.346,29.235,168.029,73.177,15.748,12.856,70.553,0.933,192,-0.509,-1.015,1.225,0.816,0.930
22,blobs.gif,412,186.350,26.013,64.215,84.219,24.085,21.780,99.224,0.906,192,-0.575,-0.481,1.106,0.904,0.945
23,blobs.gif,426,201.840,36.423,129.973,84.217,31.332,17.311,17.588,0.699,208,-0.513,-0.873,1.810,0.553,0.869
24,blobs.gif,260,179.385,28.135,34.026,86.530,19.541,16.941,87.838,0.909,176,0.004,-0.664,1.153,0.867,0.932
25,blobs.gif,506,198.277,28.788,7.981,97.667,32.872,19.599,91.962,0.822,200,-0.619,-0.123,1.677,0.596,0.961
26,blobs.gif,289,187.875,30.281,222.965,95.232,20.402,18.035,62.012,0.922,192,-0.417,-0.781,1.131,0.884,0.935
27,blobs.gif,676,198.994,28.433,175.268,99.533,35.721,24.095,166.249,0.780,208,-0.928,-0.062,1.483,0.675,0.909
28,blobs.gif,175,195.749,28.105,251.525,105.528,19.822,11.241,85.254,0.777,208,-1.015,-0.217,1.763,0.567,0.951
29,blobs.gif,361,197.208,29.108,103.382,111.813,23.700,19.394,172.832,0.921,208,-0.894,-0.379,1.222,0.818,0.945
30,blobs.gif,545,198.385,30.277,37.599,122.554,29.151,23.805,79.568,0.907,208,-0.923,-0.277,1.225,0.817,0.949
31,blobs.gif,610,189.718,28.131,127.066,130.193,46.202,16.811,64.394,0.605,200,-0.677,-0.399,2.748,0.364,0.848
32,blobs.gif,14,138.857,9.206,83.994,113.767,4.264,4.181,2.771E-13,1.000,136,0.205,-1.299,1.020,0.981,0.933
33,blobs.gif,641,192.624,33.036,165.479,132.882,39.749,20.532,122.641,0.709,192,-0.243,-0.919,1.936,0.517,0.884
34,blobs.gif,195,181.005,28.183,63.039,123.341,16.878,14.711,92.741,0.938,184,-0.354,-1.004,1.147,0.872,0.929
35,blobs.gif,593,210.604,34.557,224.265,127.793,28.682,26.324,172.688,0.935,224,-0.767,-0.533,1.090,0.918,0.960
36,blobs.gif,22,147.636,15.364,252.887,125.810,6.404,4.374,16.868,0.922,144,0.649,-0.779,1.464,0.683,0.863
37,blobs.gif,268,189.045,27.288,7.656,140.060,21.012,16.240,74.320,0.937,192,-0.604,-0.497,1.294,0.773,0.954
38,blobs.gif,902,198.137,31.340,89.414,163.330,53.764,21.361,77.056,0.648,200,-0.401,-0.350,2.517,0.397,0.908
39,blobs.gif,473,205.564,31.612,246.507,153.249,32.400,18.588,57.065,0.781,208,-0.602,-0.220,1.743,0.574,0.946
40,blobs.gif,239,191.598,32.966,67.319,147.044,19.215,15.837,79.091,0.921,200,-0.513,-0.992,1.213,0.824,0.939
41,blobs.gif,167,183.856,29.875,188.666,156.936,16.565,12.836,70.843,0.909,192,-0.379,-1.060,1.291,0.775,0.933
42,blobs.gif,413,179.177,25.860,136.758,163.565,26.886,19.559,41.676,0.881,184,-0.287,-0.686,1.375,0.727,0.951
43,blobs.gif,415,199.634,32.825,16.588,169.355,25.660,20.592,62.314,0.866,208,-0.705,-0.605,1.246,0.802,0.937
44,blobs.gif,244,187.016,29.576,214.174,166.638,18.800,16.525,71.912,0.913,192,-0.317,-0.627,1.138,0.879,0.930
45,blobs.gif,377,195.247,31.282,44.618,172.333,24.839,19.325,94.266,0.901,200,-0.629,-0.732,1.285,0.778,0.952
46,blobs.gif,652,200.160,32.191,180.024,181.993,30.423,27.287,92.954,0.919,208,-0.733,-0.552,1.115,0.897,0.962
47,blobs.gif,379,208.042,38.499,233.427,185.056,23.543,20.497,47.872,0.914,216,-0.625,-0.932,1.149,0.871,0.948
48,blobs.gif,578,200.886,29.321,130.743,197.763,27.802,26.471,167.925,0.917,208,-1.078,0.119,1.050,0.952,0.956
49,blobs.gif,69,185.739,35.110,253.905,200.961,16.139,5.443,88.089,0.571,192,-0.207,-1.256,2.965,0.337,0.885
50,blobs.gif,170,181.224,28.776,206.414,203.488,17.145,12.625,73.152,0.939,192,-0.355,-0.824,1.358,0.736,0.932
51,blobs.gif,472,167.169,25.866,26.319,215.160,35.028,17.157,106.940,0.745,160,0.773,-0.030,2.042,0.490,0.922
52,blobs.gif,613,219.915,37.720,103.332,214.269,32.504,24.012,130.242,0.868,240,-1.137,-0.101,1.354,0.739,0.942
53,blobs.gif,543,189.068,24.894,62.664,217.835,30.212,22.884,104.040,0.908,200,-1.091,0.058,1.320,0.757,0.953
54,blobs.gif,204,199.608,32.805,4.203,226.468,24.020,10.813,92.097,0.649,216,-0.784,-0.688,2.221,0.450,0.938
55,blobs.gif,555,217.139,36.977,234.522,227.816,27.539,25.660,168.940,0.916,232,-0.998,-0.320,1.073,0.932,0.954
56,blobs.gif,858,197.277,30.121,180.452,230.218,41.339,26.426,173.175,0.833,200,-0.622,-0.419,1.564,0.639,0.949
57,blobs.gif,281,189.779,30.815,138.466,233.655,21.747,16.452,90.261,0.896,200,-0.529,-0.873,1.322,0.756,0.927
58,blobs.gif,215,184.037,28.631,46.542,240.989,18.916,14.472,76.376,0.909,192,-0.500,-0.901,1.307,0.765,0.929
59,blobs.gif,3,130.667,4.619,76.827,242.827,2.365,1.615,45.000,1.000,128,0.707,-1.500,1.464,0.683,0.857
60,blobs.gif,1,128.000,0.000,110.500,246.500,1.128,1.128,0.000,1.000,128,NaN,NaN,1.000,1.000,1.000
61,blobs.gif,81,183.407,34.682,178.979,251.763,17.830,5.784,0.298,0.567,176,0.172,-0.946,3.082,0.324,0.910
62,blobs.gif,90,181.511,25.599,128.042,251.921,21.662,5.290,1.358,0.461,184,-0.473,-0.885,4.095,0.244,0.933
63,blobs.gif,53,188.377,38.799,234.803,252.188,13.891,4.858,179.722,0.527,184,-0.042,-1.252,2.859,0.350,0.891
64,blobs.gif,49,172.898,28.743,74.168,252.523,16.336,3.819,178.711,0.456,176,0.037,-1.113,4.277,0.234,0.883
